sku_id,category,weight_kg,temp_req,is_fragile,current_slot,decimal_drift,slot_id,zone,aisle_id,shelf_level,temp_zone,max_weight_kg,aisle_width_m,order_count
SKU-10000,Frozen,0.91,Frozen,True,F05-B-01,False,F05-B-01,F,F05,B,Ambient,150,2.0,534
SKU-10001,Groceries,103.4,Refrigerated,False,A19-F-19,False,A19-F-19,A,A19,F,Ambient,25,2.0,538
SKU-10002,Health,102.6,Ambient,False,D02-B-12,False,D02-B-12,D,D02,B,Frozen,150,2.0,451
SKU-10004,Dairy,9.88,Frozen,False,B24-B-05,False,B24-B-05,B,B24,B,Ambient,150,1.2,539
SKU-10005,Snacks,5.64,Frozen,False,F19-E-14,False,F19-E-14,F,F19,E,Ambient,25,2.0,577
SKU-10009,Snacks,9.98,Frozen,False,F22-B-09,False,F22-B-09,F,F22,B,Ambient,150,2.0,546
SKU-10010,Groceries,4.95,Frozen,False,B03-C-14,False,B03-C-14,B,B03,C,Ambient,150,1.2,557
SKU-10011,Health,2.97,Frozen,False,A04-D-17,False,A04-D-17,A,A04,D,Ambient,150,2.0,565
SKU-10012,Health,9.37,Frozen,False,A01-E-17,False,A01-E-17,A,A01,E,Ambient,25,2.0,551
SKU-10013,Health,8.22,Refrigerated,True,A01-F-01,False,A01-F-01,A,A01,F,Ambient,25,2.0,550
SKU-10014,Snacks,5.28,Ambient,False,D15-B-03,False,D15-B-03,D,D15,B,Frozen,150,2.0,565
SKU-10015,Groceries,7.24,Frozen,False,A22-B-07,False,A22-B-07,A,A22,B,Ambient,150,2.0,519
SKU-10016,Beverages,0.54,Frozen,True,A01-F-01,False,A01-F-01,A,A01,F,Ambient,25,2.0,492
SKU-10019,Dairy,10.39,Frozen,False,F09-E-13,False,F09-E-13,F,F09,E,Ambient,25,2.0,523
SKU-10020,Dairy,8.6,Refrigerated,False,B04-B-01,False,B04-B-01,B,B04,B,Ambient,150,1.2,552
SKU-10021,Beverages,7.5,Ambient,False,C17-A-19,False,C17-A-19,C,C17,A,Refrigerated,150,2.0,523
SKU-10022,Snacks,5.09,Ambient,False,C24-A-10,False,C24-A-10,C,C24,A,Refrigerated,150,2.0,536
SKU-10023,Snacks,7.12,Frozen,False,B21-B-10,False,B21-B-10,B,B21,B,Ambient,150,1.2,542
SKU-10025,Health,9.85,Ambient,False,D12-C-17,False,D12-C-17,D,D12,C,Frozen,150,2.0,564
SKU-10027,Dairy,1.4,Refrigerated,True,A01-F-01,False,A01-F-01,A,A01,F,Ambient,25,2.0,529
SKU-10028,Snacks,10.79,Frozen,False,B21-B-15,False,B21-B-15,B,B21,B,Ambient,150,1.2,542
SKU-10029,Snacks,9.75,Frozen,True,A01-F-01,False,A01-F-01,A,A01,F,Ambient,25,2.0,563
SKU-10030,Beverages,5.84,Frozen,False,A19-F-15,False,A19-F-15,A,A19,F,Ambient,25,2.0,594
SKU-10031,Snacks,4.89,Frozen,False,B09-B-03,False,B09-B-03,B,B09,B,Ambient,150,1.2,510
SKU-10032,Frozen,7.77,Frozen,True,A01-F-01,False,A01-F-01,A,A01,F,Ambient,25,2.0,537
SKU-10033,Snacks,36.6,Ambient,True,D19-D-15,False,D19-D-15,D,D19,D,Frozen,150,2.0,562
SKU-10034,Snacks,94.8,Refrigerated,True,D06-B-16,False,D06-B-16,D,D06,B,Frozen,150,2.0,577
SKU-10035,Frozen,6.51,Frozen,True,A01-F-01,False,A01-F-01,A,A01,F,Ambient,25,2.0,531
SKU-10036,Snacks,100.2,Frozen,True,A17-D-01,False,A17-D-01,A,A17,D,Ambient,150,2.0,506
SKU-10037,Snacks,5.19,Frozen,False,A16-E-07,False,A16-E-07,A,A16,E,Ambient,25,2.0,551
SKU-10038,Snacks,5.27,Frozen,True,A01-F-01,False,A01-F-01,A,A01,F,Ambient,25,2.0,520
SKU-10041,Dairy,9.31,Ambient,False,C20-D-13,False,C20-D-13,C,C20,D,Refrigerated,150,2.0,593
SKU-10042,Snacks,3.03,Ambient,False,D08-D-12,False,D08-D-12,D,D08,D,Frozen,150,2.0,546
SKU-10043,Dairy,6.04,Frozen,False,A06-F-06,False,A06-F-06,A,A06,F,Ambient,25,2.0,564
SKU-10044,Snacks,11.92,Frozen,False,B01-E-02,False,B01-E-02,B,B01,E,Ambient,25,1.2,543
SKU-10045,Health,7.6,Ambient,True,D07-A-03,False,D07-A-03,D,D07,A,Frozen,150,2.0,567
SKU-10046,Health,8.58,Ambient,False,C18-F-13,False,C18-F-13,C,C18,F,Refrigerated,25,2.0,553
SKU-10047,Frozen,36.7,Ambient,False,D22-C-09,False,D22-C-09,D,D22,C,Frozen,150,2.0,563
SKU-10048,Beverages,35.3,Refrigerated,False,D13-C-11,False,D13-C-11,D,D13,C,Frozen,150,2.0,532
SKU-10049,Snacks,1.06,Frozen,False,F25-B-11,False,F25-B-11,F,F25,B,Ambient,150,2.0,530
SKU-10050,Beverages,2.42,Frozen,False,A02-C-13,False,A02-C-13,A,A02,C,Ambient,150,2.0,539
SKU-10051,Frozen,1.14,Frozen,False,A11-A-07,False,A11-A-07,A,A11,A,Ambient,150,2.0,545
SKU-10053,Snacks,5.6,Ambient,False,C24-D-19,False,C24-D-19,C,C24,D,Refrigerated,150,2.0,528
SKU-10054,Groceries,117.3,Refrigerated,True,E13-C-06,False,E13-C-06,E,E13,C,Ambient,150,2.0,580
SKU-10056,Health,4.18,Frozen,True,A01-F-01,False,A01-F-01,A,A01,F,Ambient,25,2.0,534
SKU-10057,Groceries,10.89,Frozen,False,E08-C-11,False,E08-C-11,E,E08,C,Ambient,150,2.0,558
SKU-10058,Beverages,10.6,Frozen,True,E05-D-09,False,E05-D-09,E,E05,D,Ambient,150,2.0,556
SKU-10060,Frozen,3.64,Frozen,False,E01-D-16,False,E01-D-16,E,E01,D,Ambient,150,2.0,520
SKU-10062,Beverages,9.52,Frozen,True,A01-F-01,False,A01-F-01,A,A01,F,Ambient,25,2.0,570
SKU-10064,Beverages,2.1,Frozen,True,B19-E-19,False,B19-E-19,B,B19,E,Ambient,25,1.2,484
SKU-10065,Snacks,8.93,Refrigerated,True,A01-F-01,False,A01-F-01,A,A01,F,Ambient,25,2.0,525
SKU-10066,Frozen,1.85,Refrigerated,True,A01-F-01,False,A01-F-01,A,A01,F,Ambient,25,2.0,549
SKU-10067,Dairy,82.0,Refrigerated,False,D17-C-14,False,D17-C-14,D,D17,C,Frozen,150,2.0,512
SKU-10068,Dairy,10.46,Frozen,False,E07-A-19,False,E07-A-19,E,E07,A,Ambient,150,2.0,556
SKU-10069,Groceries,20.0,Frozen,False,E12-E-06,False,E12-E-06,E,E12,E,Ambient,25,2.0,544
SKU-10070,Groceries,7.96,Refrigerated,True,A01-F-01,False,A01-F-01,A,A01,F,Ambient,25,2.0,570
SKU-10071,Snacks,2.06,Frozen,False,A15-B-06,False,A15-B-06,A,A15,B,Ambient,150,2.0,529
SKU-10072,Frozen,1.66,Frozen,False,E08-F-02,False,E08-F-02,E,E08,F,Ambient,25,2.0,522
SKU-10073,Health,11.15,Ambient,False,D22-B-17,False,D22-B-17,D,D22,B,Frozen,150,2.0,566
SKU-10074,Dairy,10.16,Frozen,True,A01-F-01,False,A01-F-01,A,A01,F,Ambient,25,2.0,559
SKU-10075,Frozen,10.45,Frozen,False,A20-E-02,False,A20-E-02,A,A20,E,Ambient,25,2.0,568
SKU-10076,Beverages,2.63,Refrigerated,True,A01-F-01,False,A01-F-01,A,A01,F,Ambient,25,2.0,567
SKU-10077,Beverages,115.5,Ambient,False,C09-A-08,False,C09-A-08,C,C09,A,Refrigerated,150,2.0,519
SKU-10079,Dairy,11.37,Frozen,True,A01-F-01,False,A01-F-01,A,A01,F,Ambient,25,2.0,592
SKU-10082,Health,0.53,Refrigerated,True,A01-F-01,False,A01-F-01,A,A01,F,Ambient,25,2.0,537
SKU-10083,Beverages,5.3,Frozen,True,A01-F-01,False,A01-F-01,A,A01,F,Ambient,25,2.0,533
SKU-10084,Dairy,7.85,Frozen,False,E01-E-02,False,E01-E-02,E,E01,E,Ambient,25,2.0,562
SKU-10085,Frozen,4.72,Ambient,False,D02-E-06,False,D02-E-06,D,D02,E,Frozen,25,2.0,542
SKU-10087,Groceries,7.65,Frozen,False,F09-A-16,False,F09-A-16,F,F09,A,Ambient,150,2.0,537
SKU-10088,Frozen,119.9,Refrigerated,False,A19-D-15,False,A19-D-15,A,A19,D,Ambient,150,2.0,543
SKU-10090,Frozen,6.17,Frozen,False,B06-A-16,False,B06-A-16,B,B06,A,Ambient,150,1.2,552
SKU-10091,Snacks,9.81,Frozen,False,A09-B-15,False,A09-B-15,A,A09,B,Ambient,150,2.0,529
SKU-10092,Beverages,8.62,Frozen,True,A01-F-01,False,A01-F-01,A,A01,F,Ambient,25,2.0,543
SKU-10094,Snacks,5.16,Frozen,True,A01-F-01,False,A01-F-01,A,A01,F,Ambient,25,2.0,643
SKU-10095,Beverages,3.33,Ambient,False,C22-B-05,False,C22-B-05,C,C22,B,Refrigerated,150,2.0,565
SKU-10096,Beverages,116.0,Ambient,True,C13-F-01,False,C13-F-01,C,C13,F,Refrigerated,25,2.0,521
SKU-10097,Health,3.51,Frozen,False,A21-C-04,False,A21-C-04,A,A21,C,Ambient,150,2.0,506
SKU-10098,Frozen,8.22,Frozen,True,A01-F-01,False,A01-F-01,A,A01,F,Ambient,25,2.0,550
SKU-10099,Health,5.46,Frozen,False,B11-B-12,False,B11-B-12,B,B11,B,Ambient,150,1.2,542
SKU-10100,Beverages,6.47,Ambient,False,C20-D-02,False,C20-D-02,C,C20,D,Refrigerated,150,2.0,536
SKU-10101,Health,0.61,Ambient,False,D21-C-19,False,D21-C-19,D,D21,C,Frozen,150,2.0,561
SKU-10104,Frozen,3.35,Frozen,False,E22-E-17,False,E22-E-17,E,E22,E,Ambient,25,2.0,551
SKU-10105,Health,6.89,Frozen,False,F19-F-19,False,F19-F-19,F,F19,F,Ambient,25,2.0,539
SKU-10106,Snacks,1.73,Refrigerated,True,A01-F-01,False,A01-F-01,A,A01,F,Ambient,25,2.0,552
SKU-10108,Snacks,4.98,Frozen,True,A01-F-01,False,A01-F-01,A,A01,F,Ambient,25,2.0,582
SKU-10109,Health,5.64,Frozen,False,F22-D-01,False,F22-D-01,F,F22,D,Ambient,150,2.0,521
SKU-10112,Groceries,8.93,Frozen,False,A04-C-11,False,A04-C-11,A,A04,C,Ambient,150,2.0,517
SKU-10114,Snacks,15.8,Frozen,False,E09-E-12,False,E09-E-12,E,E09,E,Ambient,25,2.0,524
SKU-10116,Snacks,7.91,Frozen,False,B06-E-16,False,B06-E-16,B,B06,E,Ambient,25,1.2,589
SKU-10118,Snacks,10.6,Frozen,False,F02-F-16,False,F02-F-16,F,F02,F,Ambient,25,2.0,512
SKU-10120,Snacks,6.2,Frozen,False,F13-C-03,False,F13-C-03,F,F13,C,Ambient,150,2.0,581
SKU-10121,Groceries,2.65,Frozen,False,A18-B-04,False,A18-B-04,A,A18,B,Ambient,150,2.0,549
SKU-10123,Snacks,1.46,Frozen,True,A01-F-01,False,A01-F-01,A,A01,F,Ambient,25,2.0,544
SKU-10124,Dairy,6.94,Refrigerated,True,A01-F-01,False,A01-F-01,A,A01,F,Ambient,25,2.0,534
SKU-10127,Snacks,8.51,Ambient,False,C19-F-09,False,C19-F-09,C,C19,F,Refrigerated,25,2.0,557
SKU-10128,Health,5.6,Frozen,True,B08-C-05,False,B08-C-05,B,B08,C,Ambient,150,1.2,554
SKU-10129,Frozen,37.3,Ambient,False,C07-B-14,False,C07-B-14,C,C07,B,Refrigerated,150,2.0,555
SKU-10131,Groceries,9.56,Ambient,False,D23-A-02,False,D23-A-02,D,D23,A,Frozen,150,2.0,550
SKU-10133,Dairy,3.6,Ambient,False,D25-F-19,False,D25-F-19,D,D25,F,Frozen,25,2.0,505
SKU-10136,Dairy,8.61,Refrigerated,True,A01-F-01,False,A01-F-01,A,A01,F,Ambient,25,2.0,570
SKU-10137,Snacks,10.4,Frozen,False,E08-D-04,False,E08-D-04,E,E08,D,Ambient,150,2.0,544
SKU-10138,Dairy,11.47,Refrigerated,True,A01-F-01,False,A01-F-01,A,A01,F,Ambient,25,2.0,588
SKU-10139,Dairy,0.69,Frozen,False,A24-F-16,False,A24-F-16,A,A24,F,Ambient,25,2.0,521
SKU-10146,Snacks,2.04,Frozen,False,B16-E-09,False,B16-E-09,B,B16,E,Ambient,25,1.2,586
SKU-10147,Snacks,2.29,Ambient,False,C09-B-08,False,C09-B-08,C,C09,B,Refrigerated,150,2.0,565
SKU-10148,Groceries,8.41,Refrigerated,True,A19-D-14,False,A19-D-14,A,A19,D,Ambient,150,2.0,576
SKU-10150,Health,1.88,Frozen,False,A09-A-14,False,A09-A-14,A,A09,A,Ambient,150,2.0,522
SKU-10151,Beverages,10.43,Refrigerated,False,B21-C-11,False,B21-C-11,B,B21,C,Ambient,150,1.2,513
SKU-10152,Groceries,2.36,Frozen,False,F01-E-02,False,F01-E-02,F,F01,E,Ambient,25,2.0,581
SKU-10155,Groceries,6.78,Refrigerated,True,D22-D-09,False,D22-D-09,D,D22,D,Frozen,150,2.0,548
SKU-10158,Snacks,10.03,Ambient,False,C04-B-11,False,C04-B-11,C,C04,B,Refrigerated,150,2.0,575
SKU-10159,Frozen,9.99,Ambient,True,C20-E-08,False,C20-E-08,C,C20,E,Refrigerated,25,2.0,587
SKU-10162,Snacks,8.26,Refrigerated,False,B18-A-10,False,B18-A-10,B,B18,A,Ambient,150,1.2,540
SKU-10163,Beverages,3.69,Refrigerated,False,E17-F-01,False,E17-F-01,E,E17,F,Ambient,25,2.0,498
SKU-10164,Groceries,5.73,Frozen,False,C21-B-14,False,C21-B-14,C,C21,B,Refrigerated,150,2.0,573
SKU-10165,Dairy,7.3,Frozen,False,C09-A-15,False,C09-A-15,C,C09,A,Refrigerated,150,2.0,544
SKU-10167,Dairy,11.89,Frozen,False,C21-F-20,False,C21-F-20,C,C21,F,Refrigerated,25,2.0,547
SKU-10168,Snacks,7.44,Refrigerated,True,E22-C-13,False,E22-C-13,E,E22,C,Ambient,150,2.0,541
SKU-10170,Dairy,5.08,Ambient,False,D07-D-10,False,D07-D-10,D,D07,D,Frozen,150,2.0,556
SKU-10171,Snacks,2.22,Ambient,False,D14-B-19,False,D14-B-19,D,D14,B,Frozen,150,2.0,538
SKU-10172,Groceries,2.13,Frozen,False,F23-A-20,False,F23-A-20,F,F23,A,Ambient,150,2.0,510
SKU-10174,Frozen,4.08,Ambient,False,C18-C-14,False,C18-C-14,C,C18,C,Refrigerated,150,2.0,547
SKU-10175,Groceries,9.18,Frozen,False,A20-B-13,False,A20-B-13,A,A20,B,Ambient,150,2.0,537
SKU-10176,Frozen,9.43,Frozen,False,F11-E-08,False,F11-E-08,F,F11,E,Ambient,25,2.0,535
SKU-10178,Beverages,3.93,Frozen,False,B25-F-14,False,B25-F-14,B,B25,F,Ambient,25,1.2,538
SKU-10180,Frozen,7.4,Frozen,False,B07-D-13,False,B07-D-13,B,B07,D,Ambient,150,1.2,547
SKU-10181,Health,10.82,Refrigerated,False,D15-C-11,False,D15-C-11,D,D15,C,Frozen,150,2.0,549
SKU-10182,Groceries,1.06,Ambient,True,D12-B-03,False,D12-B-03,D,D12,B,Frozen,150,2.0,513
SKU-10183,Frozen,2.21,Refrigerated,False,B04-F-01,False,B04-F-01,B,B04,F,Ambient,25,1.2,528
SKU-10184,Frozen,4.2,Refrigerated,False,B21-A-08,False,B21-A-08,B,B21,A,Ambient,150,1.2,527
SKU-10187,Snacks,8.79,Refrigerated,False,A15-F-11,False,A15-F-11,A,A15,F,Ambient,25,2.0,507
SKU-10188,Health,7.34,Frozen,False,F08-B-19,False,F08-B-19,F,F08,B,Ambient,150,2.0,574
SKU-10189,Dairy,7.74,Refrigerated,True,A12-D-01,False,A12-D-01,A,A12,D,Ambient,150,2.0,510
SKU-10190,Groceries,2.44,Ambient,True,D22-D-19,False,D22-D-19,D,D22,D,Frozen,150,2.0,558
SKU-10191,Beverages,3.88,Ambient,False,C09-E-16,False,C09-E-16,C,C09,E,Refrigerated,25,2.0,560
SKU-10192,Groceries,11.53,Refrigerated,False,F17-A-02,False,F17-A-02,F,F17,A,Ambient,150,2.0,509
SKU-10194,Frozen,2.5,Frozen,False,B24-F-11,False,B24-F-11,B,B24,F,Ambient,25,1.2,540
SKU-10196,Snacks,11.44,Refrigerated,False,F18-D-13,False,F18-D-13,F,F18,D,Ambient,150,2.0,541
SKU-10208,Beverages,3.29,Refrigerated,False,D13-A-03,False,D13-A-03,D,D13,A,Frozen,150,2.0,539
SKU-10209,Groceries,10.71,Frozen,False,E03-F-08,False,E03-F-08,E,E03,F,Ambient,25,2.0,558
SKU-10210,Groceries,5.03,Ambient,False,D03-D-18,False,D03-D-18,D,D03,D,Frozen,150,2.0,546
SKU-10212,Groceries,10.3,Frozen,False,B20-D-15,False,B20-D-15,B,B20,D,Ambient,150,1.2,524
SKU-10215,Beverages,11.38,Refrigerated,False,E10-F-03,False,E10-F-03,E,E10,F,Ambient,25,2.0,535
SKU-10216,Health,7.47,Ambient,False,C25-C-08,False,C25-C-08,C,C25,C,Refrigerated,150,2.0,566
SKU-10218,Health,4.71,Frozen,False,B15-E-02,False,B15-E-02,B,B15,E,Ambient,25,1.2,550
SKU-10220,Frozen,3.87,Refrigerated,False,F21-C-05,False,F21-C-05,F,F21,C,Ambient,150,2.0,603
SKU-10225,Groceries,11.99,Ambient,False,C13-C-15,False,C13-C-15,C,C13,C,Refrigerated,150,2.0,542
SKU-10230,Beverages,10.07,Frozen,False,B19-D-01,False,B19-D-01,B,B19,D,Ambient,150,1.2,479
SKU-10231,Dairy,3.74,Frozen,False,B25-E-18,False,B25-E-18,B,B25,E,Ambient,25,1.2,540
SKU-10232,Frozen,3.02,Refrigerated,True,D01-F-09,False,D01-F-09,D,D01,F,Frozen,25,2.0,545
SKU-10234,Health,1.16,Refrigerated,False,F07-D-14,False,F07-D-14,F,F07,D,Ambient,150,2.0,512
SKU-10235,Dairy,1.58,Refrigerated,True,E11-F-17,False,E11-F-17,E,E11,F,Ambient,25,2.0,548
SKU-10238,Frozen,5.92,Refrigerated,False,E18-C-03,False,E18-C-03,E,E18,C,Ambient,150,2.0,540
SKU-10241,Health,6.9,Refrigerated,False,A05-B-17,False,A05-B-17,A,A05,B,Ambient,150,2.0,552
SKU-10243,Snacks,8.8,Refrigerated,False,E04-E-15,False,E04-E-15,E,E04,E,Ambient,25,2.0,553
SKU-10244,Beverages,2.41,Refrigerated,False,D20-D-19,False,D20-D-19,D,D20,D,Frozen,150,2.0,563
SKU-10245,Frozen,4.19,Frozen,False,E11-E-16,False,E11-E-16,E,E11,E,Ambient,25,2.0,555
SKU-10247,Frozen,10.62,Frozen,False,E20-A-09,False,E20-A-09,E,E20,A,Ambient,150,2.0,520
SKU-10248,Health,9.36,Frozen,False,E23-E-16,False,E23-E-16,E,E23,E,Ambient,25,2.0,564
SKU-10250,Beverages,4.96,Frozen,False,F25-B-13,False,F25-B-13,F,F25,B,Ambient,150,2.0,522
SKU-10251,Snacks,2.61,Refrigerated,False,E23-D-18,False,E23-D-18,E,E23,D,Ambient,150,2.0,511
SKU-10252,Groceries,8.28,Refrigerated,False,E15-A-20,False,E15-A-20,E,E15,A,Ambient,150,2.0,576
SKU-10253,Dairy,6.72,Frozen,False,A25-C-07,False,A25-C-07,A,A25,C,Ambient,150,2.0,578
SKU-10254,Dairy,6.42,Frozen,False,E21-B-08,False,E21-B-08,E,E21,B,Ambient,150,2.0,554
SKU-10255,Beverages,6.76,Ambient,True,C08-A-01,False,C08-A-01,C,C08,A,Refrigerated,150,2.0,560
SKU-10256,Health,11.01,Ambient,False,D07-C-11,False,D07-C-11,D,D07,C,Frozen,150,2.0,544
SKU-10257,Beverages,4.79,Frozen,False,E11-E-17,False,E11-E-17,E,E11,E,Ambient,25,2.0,572
SKU-10258,Groceries,3.45,Ambient,True,D17-E-01,False,D17-E-01,D,D17,E,Frozen,25,2.0,505
SKU-10259,Dairy,5.48,Frozen,True,E03-A-15,False,E03-A-15,E,E03,A,Ambient,150,2.0,527
SKU-10260,Dairy,6.33,Refrigerated,False,B13-D-11,False,B13-D-11,B,B13,D,Ambient,150,1.2,531
SKU-10262,Dairy,10.67,Refrigerated,False,F04-A-02,False,F04-A-02,F,F04,A,Ambient,150,2.0,548
SKU-10273,Groceries,3.32,Ambient,False,D05-A-08,False,D05-A-08,D,D05,A,Frozen,150,2.0,563
SKU-10276,Health,7.56,Ambient,False,D13-D-08,False,D13-D-08,D,D13,D,Frozen,150,2.0,575
SKU-10278,Frozen,8.65,Refrigerated,False,F05-E-02,False,F05-E-02,F,F05,E,Ambient,25,2.0,491
SKU-10279,Health,3.33,Frozen,False,B22-E-15,False,B22-E-15,B,B22,E,Ambient,25,1.2,539
SKU-10280,Dairy,6.11,Refrigerated,False,B05-A-10,False,B05-A-10,B,B05,A,Ambient,150,1.2,534
SKU-10281,Health,7.6,Frozen,False,B21-B-07,False,B21-B-07,B,B21,B,Ambient,150,1.2,588
SKU-10282,Groceries,3.89,Ambient,False,D19-F-09,False,D19-F-09,D,D19,F,Frozen,25,2.0,536
SKU-10283,Groceries,10.05,Ambient,False,D06-F-02,False,D06-F-02,D,D06,F,Frozen,25,2.0,551
SKU-10286,Dairy,10.73,Ambient,False,D18-C-19,False,D18-C-19,D,D18,C,Frozen,150,2.0,541
SKU-10287,Dairy,3.31,Ambient,True,D21-E-03,False,D21-E-03,D,D21,E,Frozen,25,2.0,573
SKU-10288,Snacks,4.17,Refrigerated,False,A09-C-08,False,A09-C-08,A,A09,C,Ambient,150,2.0,550
SKU-10290,Beverages,3.2,Frozen,False,A12-B-06,False,A12-B-06,A,A12,B,Ambient,150,2.0,539
SKU-10291,Groceries,1.35,Ambient,False,C12-C-03,False,C12-C-03,C,C12,C,Refrigerated,150,2.0,549
SKU-10292,Dairy,5.6,Refrigerated,False,E22-A-10,False,E22-A-10,E,E22,A,Ambient,150,2.0,520
SKU-10293,Frozen,4.96,Ambient,False,C06-A-13,False,C06-A-13,C,C06,A,Refrigerated,150,2.0,553
SKU-10294,Frozen,6.11,Ambient,False,C08-B-06,False,C08-B-06,C,C08,B,Refrigerated,150,2.0,533
SKU-10295,Beverages,8.01,Frozen,False,A10-E-05,False,A10-E-05,A,A10,E,Ambient,25,2.0,581
SKU-10297,Groceries,5.89,Refrigerated,False,E25-F-14,False,E25-F-14,E,E25,F,Ambient,25,2.0,547
SKU-10299,Beverages,5.16,Frozen,False,E24-A-18,False,E24-A-18,E,E24,A,Ambient,150,2.0,530
SKU-10302,Beverages,8.44,Refrigerated,False,F23-F-08,False,F23-F-08,F,F23,F,Ambient,25,2.0,557
SKU-10305,Frozen,6.71,Frozen,False,E07-C-04,False,E07-C-04,E,E07,C,Ambient,150,2.0,526
SKU-10306,Groceries,6.58,Frozen,False,A11-F-17,False,A11-F-17,A,A11,F,Ambient,25,2.0,534
SKU-10308,Beverages,3.23,Ambient,False,D14-F-07,False,D14-F-07,D,D14,F,Frozen,25,2.0,525
SKU-10309,Health,2.5,Frozen,False,C18-D-14,False,C18-D-14,C,C18,D,Refrigerated,150,2.0,580
SKU-10310,Groceries,0.63,Frozen,False,B01-F-02,False,B01-F-02,B,B01,F,Ambient,25,1.2,566
SKU-10311,Dairy,5.24,Refrigerated,False,F19-A-14,False,F19-A-14,F,F19,A,Ambient,150,2.0,493
SKU-10312,Frozen,7.72,Ambient,False,D10-B-01,False,D10-B-01,D,D10,B,Frozen,150,2.0,556
SKU-10316,Beverages,7.51,Frozen,False,E15-E-01,False,E15-E-01,E,E15,E,Ambient,25,2.0,536
SKU-10319,Dairy,10.01,Refrigerated,True,F24-A-11,False,F24-A-11,F,F24,A,Ambient,150,2.0,537
SKU-10321,Dairy,4.1,Frozen,False,E15-E-16,False,E15-E-16,E,E15,E,Ambient,25,2.0,539
SKU-10322,Dairy,1.25,Refrigerated,True,B20-A-01,False,B20-A-01,B,B20,A,Ambient,150,1.2,542
SKU-10327,Frozen,10.14,Frozen,False,B25-A-18,False,B25-A-18,B,B25,A,Ambient,150,1.2,551
SKU-10328,Dairy,11.62,Refrigerated,True,E01-A-09,False,E01-A-09,E,E01,A,Ambient,150,2.0,557
SKU-10331,Snacks,10.86,Frozen,False,E07-E-06,False,E07-E-06,E,E07,E,Ambient,25,2.0,566
SKU-10336,Dairy,4.23,Refrigerated,False,B25-B-05,False,B25-B-05,B,B25,B,Ambient,150,1.2,543
SKU-10338,Snacks,7.08,Refrigerated,False,D05-F-18,False,D05-F-18,D,D05,F,Frozen,25,2.0,537
SKU-10340,Beverages,5.7,Frozen,False,B05-A-15,False,B05-A-15,B,B05,A,Ambient,150,1.2,542
SKU-10341,Frozen,0.8,Refrigerated,False,F06-D-17,False,F06-D-17,F,F06,D,Ambient,150,2.0,541
SKU-10342,Dairy,5.85,Ambient,False,C12-A-10,False,C12-A-10,C,C12,A,Refrigerated,150,2.0,565
SKU-10343,Snacks,5.21,Frozen,False,B13-F-01,False,B13-F-01,B,B13,F,Ambient,25,1.2,550
SKU-10346,Health,11.88,Frozen,False,F21-C-15,False,F21-C-15,F,F21,C,Ambient,150,2.0,559
SKU-10348,Beverages,10.16,Refrigerated,False,D16-C-05,False,D16-C-05,D,D16,C,Frozen,150,2.0,490
SKU-10351,Snacks,3.04,Frozen,False,C17-B-08,False,C17-B-08,C,C17,B,Refrigerated,150,2.0,570
SKU-10352,Dairy,5.9,Ambient,False,D05-E-20,False,D05-E-20,D,D05,E,Frozen,25,2.0,560
SKU-10354,Groceries,2.37,Frozen,False,E21-E-11,False,E21-E-11,E,E21,E,Ambient,25,2.0,520
SKU-10359,Dairy,11.28,Ambient,False,D01-B-02,False,D01-B-02,D,D01,B,Frozen,150,2.0,531
SKU-10360,Groceries,10.12,Frozen,False,C05-B-16,False,C05-B-16,C,C05,B,Refrigerated,150,2.0,509
SKU-10362,Health,11.47,Ambient,False,D09-C-18,False,D09-C-18,D,D09,C,Frozen,150,2.0,532
SKU-10364,Groceries,2.65,Ambient,False,D11-C-11,False,D11-C-11,D,D11,C,Frozen,150,2.0,531
SKU-10367,Snacks,6.56,Refrigerated,False,A19-F-20,False,A19-F-20,A,A19,F,Ambient,25,2.0,549
SKU-10368,Groceries,1.51,Ambient,True,C15-E-13,False,C15-E-13,C,C15,E,Refrigerated,25,2.0,528
SKU-10370,Beverages,8.93,Refrigerated,False,B11-E-17,False,B11-E-17,B,B11,E,Ambient,25,1.2,550
SKU-10371,Frozen,0.58,Frozen,False,C22-E-18,False,C22-E-18,C,C22,E,Refrigerated,25,2.0,560
SKU-10374,Snacks,9.4,Ambient,False,C12-E-06,False,C12-E-06,C,C12,E,Refrigerated,25,2.0,556
SKU-10376,Health,0.59,Frozen,False,B22-D-19,False,B22-D-19,B,B22,D,Ambient,150,1.2,530
SKU-10377,Frozen,2.41,Frozen,False,A19-A-07,False,A19-A-07,A,A19,A,Ambient,150,2.0,544
SKU-10381,Dairy,5.27,Frozen,True,C08-B-02,False,C08-B-02,C,C08,B,Refrigerated,150,2.0,519
SKU-10382,Beverages,6.55,Refrigerated,True,F02-C-14,False,F02-C-14,F,F02,C,Ambient,150,2.0,578
SKU-10383,Health,7.4,Refrigerated,True,D19-A-11,False,D19-A-11,D,D19,A,Frozen,150,2.0,542
SKU-10384,Dairy,4.85,Frozen,False,F23-C-03,False,F23-C-03,F,F23,C,Ambient,150,2.0,560
SKU-10386,Beverages,3.18,Frozen,False,B25-E-05,False,B25-E-05,B,B25,E,Ambient,25,1.2,565
SKU-10387,Beverages,11.15,Ambient,False,C11-E-09,False,C11-E-09,C,C11,E,Refrigerated,25,2.0,574
SKU-10388,Groceries,4.4,Ambient,False,D02-F-03,False,D02-F-03,D,D02,F,Frozen,25,2.0,522
SKU-10389,Beverages,2.92,Ambient,False,D12-D-02,False,D12-D-02,D,D12,D,Frozen,150,2.0,579
SKU-10390,Health,4.36,Refrigerated,False,B02-B-07,False,B02-B-07,B,B02,B,Ambient,150,1.2,508
SKU-10391,Frozen,3.99,Refrigerated,True,D22-F-03,False,D22-F-03,D,D22,F,Frozen,25,2.0,584
SKU-10392,Beverages,11.52,Frozen,True,A08-E-16,False,A08-E-16,A,A08,E,Ambient,25,2.0,541
SKU-10393,Health,2.58,Ambient,False,D16-F-02,False,D16-F-02,D,D16,F,Frozen,25,2.0,570
SKU-10394,Snacks,2.33,Refrigerated,True,B24-F-01,False,B24-F-01,B,B24,F,Ambient,25,1.2,577
SKU-10395,Snacks,2.03,Frozen,False,B15-A-11,False,B15-A-11,B,B15,A,Ambient,150,1.2,564
SKU-10396,Snacks,1.31,Refrigerated,False,E22-B-13,False,E22-B-13,E,E22,B,Ambient,150,2.0,544
SKU-10397,Frozen,5.91,Frozen,False,B05-A-16,False,B05-A-16,B,B05,A,Ambient,150,1.2,542
SKU-10400,Snacks,9.12,Refrigerated,True,F02-F-14,False,F02-F-14,F,F02,F,Ambient,25,2.0,530
SKU-10401,Dairy,10.17,Ambient,False,D16-F-12,False,D16-F-12,D,D16,F,Frozen,25,2.0,524
SKU-10404,Dairy,2.59,Refrigerated,False,A02-E-01,False,A02-E-01,A,A02,E,Ambient,25,2.0,504
SKU-10406,Snacks,2.11,Refrigerated,False,D11-E-19,False,D11-E-19,D,D11,E,Frozen,25,2.0,538
SKU-10407,Frozen,11.17,Ambient,False,C07-C-01,False,C07-C-01,C,C07,C,Refrigerated,150,2.0,521
SKU-10408,Health,0.8,Ambient,False,D18-F-09,False,D18-F-09,D,D18,F,Frozen,25,2.0,527
SKU-10409,Frozen,8.66,Ambient,False,C10-D-06,False,C10-D-06,C,C10,D,Refrigerated,150,2.0,527
SKU-10411,Groceries,2.96,Ambient,False,D11-B-09,False,D11-B-09,D,D11,B,Frozen,150,2.0,529
SKU-10413,Beverages,5.99,Ambient,False,D02-D-02,False,D02-D-02,D,D02,D,Frozen,150,2.0,552
SKU-10414,Frozen,9.8,Frozen,False,A13-A-06,False,A13-A-06,A,A13,A,Ambient,150,2.0,560
SKU-10415,Health,10.95,Refrigerated,False,D02-B-09,False,D02-B-09,D,D02,B,Frozen,150,2.0,532
SKU-10417,Snacks,10.62,Frozen,False,B03-F-17,False,B03-F-17,B,B03,F,Ambient,25,1.2,561
SKU-10419,Groceries,10.95,Refrigerated,False,A01-D-03,False,A01-D-03,A,A01,D,Ambient,150,2.0,496
SKU-10423,Snacks,5.03,Frozen,False,A23-A-18,False,A23-A-18,A,A23,A,Ambient,150,2.0,573
SKU-10428,Health,11.7,Ambient,False,C17-C-01,False,C17-C-01,C,C17,C,Refrigerated,150,2.0,564
SKU-10429,Health,10.45,Ambient,False,C24-A-15,False,C24-A-15,C,C24,A,Refrigerated,150,2.0,531
SKU-10431,Dairy,3.28,Refrigerated,False,A22-E-18,False,A22-E-18,A,A22,E,Ambient,25,2.0,562
SKU-10433,Snacks,8.99,Ambient,False,D24-A-12,False,D24-A-12,D,D24,A,Frozen,150,2.0,536
SKU-10436,Frozen,1.88,Refrigerated,False,B07-A-07,False,B07-A-07,B,B07,A,Ambient,150,1.2,518
SKU-10437,Beverages,5.21,Refrigerated,False,F24-F-13,False,F24-F-13,F,F24,F,Ambient,25,2.0,541
SKU-10442,Health,3.3,Frozen,False,E01-F-05,False,E01-F-05,E,E01,F,Ambient,25,2.0,535
SKU-10443,Groceries,1.13,Refrigerated,False,D16-B-20,False,D16-B-20,D,D16,B,Frozen,150,2.0,557
SKU-10444,Health,8.28,Ambient,False,D20-D-17,False,D20-D-17,D,D20,D,Frozen,150,2.0,554
SKU-10448,Dairy,6.94,Refrigerated,False,A22-D-12,False,A22-D-12,A,A22,D,Ambient,150,2.0,560
SKU-10450,Beverages,4.69,Frozen,False,C16-B-07,False,C16-B-07,C,C16,B,Refrigerated,150,2.0,507
SKU-10451,Groceries,6.06,Ambient,False,C22-E-08,False,C22-E-08,C,C22,E,Refrigerated,25,2.0,546
SKU-10452,Health,9.82,Ambient,False,C07-F-04,False,C07-F-04,C,C07,F,Refrigerated,25,2.0,491
SKU-10453,Dairy,0.86,Ambient,False,D06-F-03,False,D06-F-03,D,D06,F,Frozen,25,2.0,580
SKU-10455,Groceries,3.95,Frozen,False,B22-C-02,False,B22-C-02,B,B22,C,Ambient,150,1.2,539
SKU-10456,Dairy,3.84,Frozen,False,B15-A-19,False,B15-A-19,B,B15,A,Ambient,150,1.2,533
SKU-10457,Groceries,9.82,Ambient,False,C10-F-15,False,C10-F-15,C,C10,F,Refrigerated,25,2.0,569
SKU-10458,Health,9.39,Refrigerated,False,F20-F-02,False,F20-F-02,F,F20,F,Ambient,25,2.0,523
SKU-10464,Snacks,6.57,Frozen,False,F02-D-06,False,F02-D-06,F,F02,D,Ambient,150,2.0,535
SKU-10466,Groceries,0.95,Refrigerated,False,F12-B-06,False,F12-B-06,F,F12,B,Ambient,150,2.0,556
SKU-10467,Snacks,9.58,Refrigerated,False,F21-F-04,False,F21-F-04,F,F21,F,Ambient,25,2.0,569
SKU-10468,Health,8.24,Frozen,True,A04-B-10,False,A04-B-10,A,A04,B,Ambient,150,2.0,497
SKU-10469,Groceries,5.11,Frozen,False,F20-C-08,False,F20-C-08,F,F20,C,Ambient,150,2.0,585
SKU-10472,Groceries,2.13,Refrigerated,True,D25-E-08,False,D25-E-08,D,D25,E,Frozen,25,2.0,565
SKU-10473,Frozen,2.05,Refrigerated,False,F04-D-10,False,F04-D-10,F,F04,D,Ambient,150,2.0,546
SKU-10476,Dairy,6.81,Frozen,False,F02-A-04,False,F02-A-04,F,F02,A,Ambient,150,2.0,577
SKU-10477,Health,9.98,Frozen,False,E18-C-05,False,E18-C-05,E,E18,C,Ambient,150,2.0,539
SKU-10478,Beverages,5.15,Ambient,False,D24-E-16,False,D24-E-16,D,D24,E,Frozen,25,2.0,519
SKU-10479,Dairy,2.79,Refrigerated,False,A23-E-10,False,A23-E-10,A,A23,E,Ambient,25,2.0,568
SKU-10480,Frozen,9.64,Refrigerated,False,A14-B-17,False,A14-B-17,A,A14,B,Ambient,150,2.0,595
SKU-10484,Dairy,8.78,Refrigerated,False,F06-F-14,False,F06-F-14,F,F06,F,Ambient,25,2.0,522
SKU-10485,Groceries,11.9,Refrigerated,False,B09-E-13,False,B09-E-13,B,B09,E,Ambient,25,1.2,547
SKU-10486,Groceries,2.63,Refrigerated,False,D20-E-15,False,D20-E-15,D,D20,E,Frozen,25,2.0,558
SKU-10488,Dairy,4.42,Frozen,False,C10-F-02,False,C10-F-02,C,C10,F,Refrigerated,25,2.0,485
SKU-10489,Dairy,7.05,Ambient,False,C25-B-02,False,C25-B-02,C,C25,B,Refrigerated,150,2.0,560
SKU-10490,Groceries,3.58,Refrigerated,True,A23-F-10,False,A23-F-10,A,A23,F,Ambient,25,2.0,563
SKU-10491,Groceries,1.75,Frozen,False,E22-F-15,False,E22-F-15,E,E22,F,Ambient,25,2.0,532
SKU-10492,Health,1.33,Frozen,False,B01-C-09,False,B01-C-09,B,B01,C,Ambient,150,1.2,517
SKU-10493,Beverages,1.24,Refrigerated,False,A09-C-17,False,A09-C-17,A,A09,C,Ambient,150,2.0,576
SKU-10494,Groceries,8.94,Refrigerated,False,E18-C-16,False,E18-C-16,E,E18,C,Ambient,150,2.0,543
SKU-10495,Dairy,8.47,Ambient,False,D02-E-17,False,D02-E-17,D,D02,E,Frozen,25,2.0,527
SKU-10496,Beverages,11.66,Refrigerated,False,A18-B-05,False,A18-B-05,A,A18,B,Ambient,150,2.0,549
SKU-10497,Frozen,1.23,Frozen,False,F24-E-05,False,F24-E-05,F,F24,E,Ambient,25,2.0,494
SKU-10500,Frozen,1.34,Refrigerated,False,D14-A-15,False,D14-A-15,D,D14,A,Frozen,150,2.0,512
SKU-10501,Dairy,5.46,Frozen,False,E25-F-19,False,E25-F-19,E,E25,F,Ambient,25,2.0,537
SKU-10502,Beverages,2.15,Frozen,False,E11-A-18,False,E11-A-18,E,E11,A,Ambient,150,2.0,511
SKU-10504,Snacks,1.42,Ambient,True,D09-F-15,False,D09-F-15,D,D09,F,Frozen,25,2.0,526
SKU-10505,Snacks,5.49,Frozen,False,B21-B-18,False,B21-B-18,B,B21,B,Ambient,150,1.2,553
SKU-10506,Beverages,3.04,Frozen,False,B04-C-17,False,B04-C-17,B,B04,C,Ambient,150,1.2,578
SKU-10507,Dairy,1.35,Ambient,True,D09-C-11,False,D09-C-11,D,D09,C,Frozen,150,2.0,576
SKU-10508,Groceries,7.01,Refrigerated,True,D23-A-04,False,D23-A-04,D,D23,A,Frozen,150,2.0,529
SKU-10509,Health,2.58,Frozen,False,A11-D-16,False,A11-D-16,A,A11,D,Ambient,150,2.0,518
SKU-10510,Dairy,6.53,Refrigerated,False,B11-E-14,False,B11-E-14,B,B11,E,Ambient,25,1.2,576
SKU-10512,Dairy,1.49,Ambient,False,C09-B-16,False,C09-B-16,C,C09,B,Refrigerated,150,2.0,576
SKU-10517,Beverages,6.66,Refrigerated,False,E18-D-04,False,E18-D-04,E,E18,D,Ambient,150,2.0,530
SKU-10518,Frozen,8.77,Ambient,False,C23-E-11,False,C23-E-11,C,C23,E,Refrigerated,25,2.0,532
SKU-10519,Beverages,3.97,Ambient,True,D04-F-05,False,D04-F-05,D,D04,F,Frozen,25,2.0,514
SKU-10520,Beverages,11.14,Refrigerated,False,D18-D-12,False,D18-D-12,D,D18,D,Frozen,150,2.0,557
SKU-10523,Health,11.36,Ambient,True,D22-B-17,False,D22-B-17,D,D22,B,Frozen,150,2.0,534
SKU-10524,Health,1.72,Frozen,False,C08-B-17,False,C08-B-17,C,C08,B,Refrigerated,150,2.0,558
SKU-10525,Snacks,1.9,Frozen,False,F16-D-02,False,F16-D-02,F,F16,D,Ambient,150,2.0,523
SKU-10527,Groceries,4.63,Ambient,False,C08-E-05,False,C08-E-05,C,C08,E,Refrigerated,25,2.0,531
SKU-10528,Health,10.05,Refrigerated,False,E18-E-13,False,E18-E-13,E,E18,E,Ambient,25,2.0,547
SKU-10531,Groceries,11.49,Refrigerated,False,B01-C-10,False,B01-C-10,B,B01,C,Ambient,150,1.2,568
SKU-10532,Dairy,11.34,Refrigerated,False,E04-A-15,False,E04-A-15,E,E04,A,Ambient,150,2.0,520
SKU-10533,Dairy,4.85,Refrigerated,False,E06-F-07,False,E06-F-07,E,E06,F,Ambient,25,2.0,518
SKU-10534,Snacks,7.63,Refrigerated,False,F22-D-18,False,F22-D-18,F,F22,D,Ambient,150,2.0,524
SKU-10535,Frozen,7.62,Refrigerated,False,B05-B-09,False,B05-B-09,B,B05,B,Ambient,150,1.2,579
SKU-10538,Health,0.94,Ambient,False,C22-F-06,False,C22-F-06,C,C22,F,Refrigerated,25,2.0,536
SKU-10540,Beverages,5.35,Ambient,False,D23-F-15,False,D23-F-15,D,D23,F,Frozen,25,2.0,543
SKU-10541,Snacks,7.57,Frozen,False,B25-A-03,False,B25-A-03,B,B25,A,Ambient,150,1.2,554
SKU-10542,Frozen,11.8,Frozen,False,F03-C-05,False,F03-C-05,F,F03,C,Ambient,150,2.0,499
SKU-10544,Health,0.57,Frozen,False,F02-C-12,False,F02-C-12,F,F02,C,Ambient,150,2.0,565
SKU-10545,Groceries,4.46,Refrigerated,False,F07-F-20,False,F07-F-20,F,F07,F,Ambient,25,2.0,561
SKU-10546,Frozen,4.29,Frozen,False,C20-D-10,False,C20-D-10,C,C20,D,Refrigerated,150,2.0,576
SKU-10547,Groceries,11.68,Ambient,True,D19-F-05,False,D19-F-05,D,D19,F,Frozen,25,2.0,531
SKU-10548,Beverages,7.69,Ambient,False,D12-B-20,False,D12-B-20,D,D12,B,Frozen,150,2.0,566
SKU-10549,Frozen,3.09,Frozen,False,F25-A-14,False,F25-A-14,F,F25,A,Ambient,150,2.0,552
SKU-10550,Snacks,11.65,Refrigerated,False,D03-E-16,False,D03-E-16,D,D03,E,Frozen,25,2.0,602
SKU-10551,Snacks,0.7,Refrigerated,False,B18-C-12,False,B18-C-12,B,B18,C,Ambient,150,1.2,603
SKU-10552,Health,2.94,Ambient,False,C24-A-02,False,C24-A-02,C,C24,A,Refrigerated,150,2.0,553
SKU-10553,Groceries,6.37,Ambient,False,D22-D-02,False,D22-D-02,D,D22,D,Frozen,150,2.0,544
SKU-10554,Groceries,9.01,Ambient,False,D24-D-17,False,D24-D-17,D,D24,D,Frozen,150,2.0,564
SKU-10555,Groceries,1.63,Frozen,False,A03-B-16,False,A03-B-16,A,A03,B,Ambient,150,2.0,569
SKU-10556,Snacks,5.7,Refrigerated,False,E10-B-11,False,E10-B-11,E,E10,B,Ambient,150,2.0,536
SKU-10559,Frozen,6.66,Frozen,False,E22-B-15,False,E22-B-15,E,E22,B,Ambient,150,2.0,545
SKU-10560,Groceries,2.86,Frozen,False,A19-D-03,False,A19-D-03,A,A19,D,Ambient,150,2.0,552
SKU-10561,Dairy,6.58,Ambient,False,C17-D-03,False,C17-D-03,C,C17,D,Refrigerated,150,2.0,541
SKU-10565,Beverages,2.59,Frozen,False,C14-A-18,False,C14-A-18,C,C14,A,Refrigerated,150,2.0,556
SKU-10567,Groceries,4.54,Ambient,False,C14-E-08,False,C14-E-08,C,C14,E,Refrigerated,25,2.0,549
SKU-10568,Beverages,7.01,Ambient,False,C01-A-15,False,C01-A-15,C,C01,A,Refrigerated,150,2.0,531
SKU-10569,Frozen,1.77,Ambient,False,D20-F-17,False,D20-F-17,D,D20,F,Frozen,25,2.0,511
SKU-10570,Dairy,6.73,Frozen,False,C19-F-20,False,C19-F-20,C,C19,F,Refrigerated,25,2.0,537
SKU-10571,Frozen,1.28,Ambient,False,D08-D-05,False,D08-D-05,D,D08,D,Frozen,150,2.0,565
SKU-10572,Dairy,1.64,Ambient,False,D21-A-08,False,D21-A-08,D,D21,A,Frozen,150,2.0,564
SKU-10574,Groceries,4.84,Ambient,False,D01-D-09,False,D01-D-09,D,D01,D,Frozen,150,2.0,536
SKU-10575,Beverages,11.16,Ambient,False,D20-D-18,False,D20-D-18,D,D20,D,Frozen,150,2.0,551
SKU-10576,Groceries,4.02,Refrigerated,False,A15-F-04,False,A15-F-04,A,A15,F,Ambient,25,2.0,535
SKU-10577,Health,10.67,Refrigerated,False,B04-B-17,False,B04-B-17,B,B04,B,Ambient,150,1.2,567
SKU-10579,Beverages,8.19,Refrigerated,False,F23-C-08,False,F23-C-08,F,F23,C,Ambient,150,2.0,526
SKU-10584,Frozen,7.14,Ambient,False,C17-E-18,False,C17-E-18,C,C17,E,Refrigerated,25,2.0,567
SKU-10586,Groceries,2.39,Refrigerated,False,A12-A-01,False,A12-A-01,A,A12,A,Ambient,150,2.0,541
SKU-10587,Frozen,10.52,Ambient,True,C18-B-18,False,C18-B-18,C,C18,B,Refrigerated,150,2.0,546
SKU-10588,Health,3.62,Frozen,False,F06-B-06,False,F06-B-06,F,F06,B,Ambient,150,2.0,524
SKU-10589,Frozen,9.35,Ambient,False,C25-C-02,False,C25-C-02,C,C25,C,Refrigerated,150,2.0,550
SKU-10591,Groceries,8.7,Ambient,False,C09-B-17,False,C09-B-17,C,C09,B,Refrigerated,150,2.0,531
SKU-10592,Beverages,2.29,Frozen,False,C04-A-13,False,C04-A-13,C,C04,A,Refrigerated,150,2.0,531
SKU-10593,Frozen,6.76,Refrigerated,False,E05-A-12,False,E05-A-12,E,E05,A,Ambient,150,2.0,541
SKU-10594,Frozen,4.3,Refrigerated,False,B17-C-11,False,B17-C-11,B,B17,C,Ambient,150,1.2,562
SKU-10596,Health,1.69,Ambient,True,C10-A-16,False,C10-A-16,C,C10,A,Refrigerated,150,2.0,535
SKU-10597,Dairy,8.55,Ambient,False,C03-F-06,False,C03-F-06,C,C03,F,Refrigerated,25,2.0,542
SKU-10600,Snacks,7.6,Refrigerated,False,D06-B-01,False,D06-B-01,D,D06,B,Frozen,150,2.0,551
SKU-10602,Beverages,4.41,Refrigerated,False,A08-A-09,False,A08-A-09,A,A08,A,Ambient,150,2.0,579
SKU-10603,Frozen,1.35,Ambient,False,C10-F-13,False,C10-F-13,C,C10,F,Refrigerated,25,2.0,524
SKU-10604,Beverages,10.38,Refrigerated,True,B18-F-17,False,B18-F-17,B,B18,F,Ambient,25,1.2,565
SKU-10605,Beverages,2.41,Frozen,False,A06-E-14,False,A06-E-14,A,A06,E,Ambient,25,2.0,552
SKU-10606,Snacks,6.99,Frozen,False,E01-B-09,False,E01-B-09,E,E01,B,Ambient,150,2.0,546
SKU-10607,Health,11.95,Refrigerated,False,F08-A-12,False,F08-A-12,F,F08,A,Ambient,150,2.0,562
SKU-10609,Groceries,5.91,Frozen,False,B14-A-04,False,B14-A-04,B,B14,A,Ambient,150,1.2,549
SKU-10610,Snacks,8.29,Refrigerated,False,E24-B-12,False,E24-B-12,E,E24,B,Ambient,150,2.0,553
SKU-10611,Groceries,4.8,Frozen,True,C13-B-17,False,C13-B-17,C,C13,B,Refrigerated,150,2.0,596
SKU-10612,Snacks,11.97,Ambient,False,D01-A-04,False,D01-A-04,D,D01,A,Frozen,150,2.0,565
SKU-10614,Dairy,1.22,Ambient,False,C06-A-06,False,C06-A-06,C,C06,A,Refrigerated,150,2.0,556
SKU-10615,Groceries,2.03,Frozen,False,B08-C-18,False,B08-C-18,B,B08,C,Ambient,150,1.2,513
SKU-10618,Beverages,10.11,Refrigerated,False,A18-C-11,False,A18-C-11,A,A18,C,Ambient,150,2.0,516
SKU-10621,Snacks,11.79,Frozen,False,B12-C-12,False,B12-C-12,B,B12,C,Ambient,150,1.2,525
SKU-10622,Dairy,2.32,Refrigerated,False,F12-E-08,False,F12-E-08,F,F12,E,Ambient,25,2.0,554
SKU-10623,Dairy,2.27,Ambient,False,C02-C-20,False,C02-C-20,C,C02,C,Refrigerated,150,2.0,548
SKU-10626,Snacks,8.09,Frozen,False,E22-C-16,False,E22-C-16,E,E22,C,Ambient,150,2.0,550
SKU-10630,Health,1.86,Frozen,False,E03-E-19,False,E03-E-19,E,E03,E,Ambient,25,2.0,493
SKU-10631,Beverages,0.75,Frozen,False,C01-B-01,False,C01-B-01,C,C01,B,Refrigerated,150,2.0,527
SKU-10632,Dairy,2.16,Frozen,False,B13-E-16,False,B13-E-16,B,B13,E,Ambient,25,1.2,535
SKU-10633,Health,7.24,Ambient,False,D12-E-09,False,D12-E-09,D,D12,E,Frozen,25,2.0,537
SKU-10634,Health,8.98,Frozen,False,E08-A-19,False,E08-A-19,E,E08,A,Ambient,150,2.0,575
SKU-10637,Snacks,6.74,Refrigerated,False,E06-A-20,False,E06-A-20,E,E06,A,Ambient,150,2.0,580
SKU-10639,Snacks,7.4,Frozen,False,C12-C-07,False,C12-C-07,C,C12,C,Refrigerated,150,2.0,560
SKU-10640,Beverages,10.19,Frozen,False,F10-A-14,False,F10-A-14,F,F10,A,Ambient,150,2.0,558
SKU-10641,Beverages,9.06,Ambient,False,D17-E-20,False,D17-E-20,D,D17,E,Frozen,25,2.0,539
SKU-10646,Beverages,8.6,Ambient,False,D10-D-06,False,D10-D-06,D,D10,D,Frozen,150,2.0,623
SKU-10647,Snacks,6.51,Frozen,False,A09-B-10,False,A09-B-10,A,A09,B,Ambient,150,2.0,600
SKU-10648,Beverages,4.32,Frozen,False,C06-E-15,False,C06-E-15,C,C06,E,Refrigerated,25,2.0,524
SKU-10649,Frozen,0.66,Ambient,False,D16-E-06,False,D16-E-06,D,D16,E,Frozen,25,2.0,543
SKU-10652,Groceries,2.99,Ambient,True,C06-F-03,False,C06-F-03,C,C06,F,Refrigerated,25,2.0,565
SKU-10653,Frozen,8.53,Frozen,False,A07-A-08,False,A07-A-08,A,A07,A,Ambient,150,2.0,530
SKU-10654,Frozen,6.78,Frozen,False,B20-F-07,False,B20-F-07,B,B20,F,Ambient,25,1.2,533
SKU-10655,Beverages,10.14,Ambient,False,D21-B-10,False,D21-B-10,D,D21,B,Frozen,150,2.0,576
SKU-10656,Frozen,2.78,Frozen,False,F07-B-11,False,F07-B-11,F,F07,B,Ambient,150,2.0,566
SKU-10659,Dairy,7.96,Frozen,False,A21-C-03,False,A21-C-03,A,A21,C,Ambient,150,2.0,566
SKU-10660,Groceries,6.05,Frozen,False,B15-E-06,False,B15-E-06,B,B15,E,Ambient,25,1.2,524
SKU-10661,Snacks,11.65,Frozen,False,C08-D-11,False,C08-D-11,C,C08,D,Refrigerated,150,2.0,526
SKU-10662,Beverages,5.57,Frozen,False,A06-C-06,False,A06-C-06,A,A06,C,Ambient,150,2.0,565
SKU-10665,Beverages,3.24,Ambient,False,D07-B-20,False,D07-B-20,D,D07,B,Frozen,150,2.0,508
SKU-10666,Frozen,11.2,Ambient,False,C10-F-20,False,C10-F-20,C,C10,F,Refrigerated,25,2.0,537
SKU-10667,Frozen,2.52,Ambient,True,D11-E-04,False,D11-E-04,D,D11,E,Frozen,25,2.0,540
SKU-10668,Frozen,8.01,Ambient,False,C15-A-19,False,C15-A-19,C,C15,A,Refrigerated,150,2.0,559
SKU-10669,Beverages,1.74,Frozen,False,B24-C-05,False,B24-C-05,B,B24,C,Ambient,150,1.2,555
SKU-10671,Health,1.95,Ambient,False,D02-A-05,False,D02-A-05,D,D02,A,Frozen,150,2.0,527
SKU-10672,Beverages,11.73,Frozen,False,B20-B-11,False,B20-B-11,B,B20,B,Ambient,150,1.2,532
SKU-10673,Dairy,6.03,Ambient,False,D06-F-13,False,D06-F-13,D,D06,F,Frozen,25,2.0,521
SKU-10674,Snacks,10.14,Ambient,False,D11-A-18,False,D11-A-18,D,D11,A,Frozen,150,2.0,546
SKU-10675,Groceries,8.73,Frozen,False,B02-A-08,False,B02-A-08,B,B02,A,Ambient,150,1.2,533
SKU-10679,Health,2.87,Ambient,False,C18-A-18,False,C18-A-18,C,C18,A,Refrigerated,150,2.0,554
SKU-10681,Beverages,2.17,Ambient,False,C15-B-03,False,C15-B-03,C,C15,B,Refrigerated,150,2.0,510
SKU-10682,Health,9.73,Refrigerated,False,E20-B-10,False,E20-B-10,E,E20,B,Ambient,150,2.0,540
SKU-10684,Groceries,1.43,Refrigerated,False,F10-F-15,False,F10-F-15,F,F10,F,Ambient,25,2.0,561
SKU-10685,Groceries,1.59,Refrigerated,True,A20-A-20,False,A20-A-20,A,A20,A,Ambient,150,2.0,539
SKU-10687,Dairy,10.1,Frozen,False,E14-F-18,False,E14-F-18,E,E14,F,Ambient,25,2.0,494
SKU-10690,Groceries,1.37,Frozen,False,E07-D-20,False,E07-D-20,E,E07,D,Ambient,150,2.0,492
SKU-10692,Health,9.58,Ambient,False,D25-B-01,False,D25-B-01,D,D25,B,Frozen,150,2.0,560
SKU-10694,Health,9.93,Refrigerated,False,A08-C-20,False,A08-C-20,A,A08,C,Ambient,150,2.0,502
SKU-10695,Dairy,11.61,Refrigerated,True,A25-D-07,False,A25-D-07,A,A25,D,Ambient,150,2.0,550
SKU-10697,Groceries,4.24,Refrigerated,True,E15-A-14,False,E15-A-14,E,E15,A,Ambient,150,2.0,556
SKU-10698,Snacks,11.5,Ambient,False,C07-A-19,False,C07-A-19,C,C07,A,Refrigerated,150,2.0,549
SKU-10700,Frozen,1.74,Refrigerated,True,D02-C-07,False,D02-C-07,D,D02,C,Frozen,150,2.0,538
SKU-10701,Frozen,0.66,Ambient,False,D01-B-04,False,D01-B-04,D,D01,B,Frozen,150,2.0,537
SKU-10704,Groceries,1.24,Frozen,False,C21-E-18,False,C21-E-18,C,C21,E,Refrigerated,25,2.0,537
SKU-10708,Dairy,4.27,Frozen,False,F18-A-03,False,F18-A-03,F,F18,A,Ambient,150,2.0,578
SKU-10711,Beverages,1.37,Ambient,False,C20-F-16,False,C20-F-16,C,C20,F,Refrigerated,25,2.0,507
SKU-10714,Frozen,11.33,Refrigerated,False,F04-C-04,False,F04-C-04,F,F04,C,Ambient,150,2.0,532
SKU-10716,Beverages,2.34,Ambient,True,D06-F-12,False,D06-F-12,D,D06,F,Frozen,25,2.0,529
SKU-10718,Groceries,10.21,Frozen,False,E24-E-12,False,E24-E-12,E,E24,E,Ambient,25,2.0,570
SKU-10720,Snacks,2.59,Ambient,False,D04-E-05,False,D04-E-05,D,D04,E,Frozen,25,2.0,531
SKU-10722,Groceries,9.39,Refrigerated,False,D15-C-09,False,D15-C-09,D,D15,C,Frozen,150,2.0,567
SKU-10723,Beverages,5.55,Refrigerated,False,E06-A-17,False,E06-A-17,E,E06,A,Ambient,150,2.0,561
SKU-10724,Dairy,10.96,Refrigerated,False,F05-E-16,False,F05-E-16,F,F05,E,Ambient,25,2.0,480
SKU-10726,Snacks,6.4,Ambient,False,D02-C-04,False,D02-C-04,D,D02,C,Frozen,150,2.0,567
SKU-10727,Dairy,1.41,Refrigerated,True,A01-F-13,False,A01-F-13,A,A01,F,Ambient,25,2.0,505
SKU-10728,Dairy,4.51,Ambient,True,D08-C-10,False,D08-C-10,D,D08,C,Frozen,150,2.0,523
SKU-10729,Health,9.56,Ambient,False,D19-A-02,False,D19-A-02,D,D19,A,Frozen,150,2.0,588
SKU-10730,Dairy,6.15,Ambient,False,C16-B-04,False,C16-B-04,C,C16,B,Refrigerated,150,2.0,518
SKU-10731,Dairy,3.36,Ambient,False,C17-B-12,False,C17-B-12,C,C17,B,Refrigerated,150,2.0,544
SKU-10732,Snacks,7.2,Refrigerated,False,A25-A-18,False,A25-A-18,A,A25,A,Ambient,150,2.0,556
SKU-10733,Groceries,4.04,Refrigerated,False,B20-C-08,False,B20-C-08,B,B20,C,Ambient,150,1.2,583
SKU-10734,Health,2.6,Ambient,True,C24-D-13,False,C24-D-13,C,C24,D,Refrigerated,150,2.0,608
SKU-10735,Frozen,7.8,Refrigerated,False,F21-F-07,False,F21-F-07,F,F21,F,Ambient,25,2.0,545
SKU-10736,Dairy,4.78,Refrigerated,False,A01-A-05,False,A01-A-05,A,A01,A,Ambient,150,2.0,546
SKU-10737,Beverages,10.67,Ambient,False,C23-F-05,False,C23-F-05,C,C23,F,Refrigerated,25,2.0,539
SKU-10740,Health,1.68,Frozen,False,A01-B-01,False,A01-B-01,A,A01,B,Ambient,150,2.0,536
SKU-10741,Snacks,10.25,Frozen,False,B20-E-15,False,B20-E-15,B,B20,E,Ambient,25,1.2,547
SKU-10742,Health,11.04,Ambient,False,C21-D-16,False,C21-D-16,C,C21,D,Refrigerated,150,2.0,551
SKU-10743,Beverages,4.43,Refrigerated,False,A21-C-11,False,A21-C-11,A,A21,C,Ambient,150,2.0,579
SKU-10744,Dairy,4.45,Frozen,False,F01-F-04,False,F01-F-04,F,F01,F,Ambient,25,2.0,522
SKU-10747,Dairy,4.84,Ambient,False,C01-D-02,False,C01-D-02,C,C01,D,Refrigerated,150,2.0,519
SKU-10748,Snacks,7.69,Ambient,False,C01-C-17,False,C01-C-17,C,C01,C,Refrigerated,150,2.0,527
SKU-10750,Dairy,5.99,Ambient,True,D21-C-04,False,D21-C-04,D,D21,C,Frozen,150,2.0,569
SKU-10752,Frozen,4.66,Ambient,False,C03-C-05,False,C03-C-05,C,C03,C,Refrigerated,150,2.0,560
SKU-10753,Beverages,1.3,Ambient,False,C22-B-08,False,C22-B-08,C,C22,B,Refrigerated,150,2.0,563
SKU-10754,Beverages,7.6,Refrigerated,False,A16-D-11,False,A16-D-11,A,A16,D,Ambient,150,2.0,565
SKU-10755,Beverages,5.21,Refrigerated,True,A06-F-16,False,A06-F-16,A,A06,F,Ambient,25,2.0,556
SKU-10760,Beverages,4.22,Frozen,False,A09-D-08,False,A09-D-08,A,A09,D,Ambient,150,2.0,502
SKU-10761,Dairy,1.46,Ambient,False,D21-A-05,False,D21-A-05,D,D21,A,Frozen,150,2.0,506
SKU-10770,Beverages,3.31,Ambient,False,D12-D-02,False,D12-D-02,D,D12,D,Frozen,150,2.0,542
SKU-10771,Health,1.91,Refrigerated,False,A17-C-18,False,A17-C-18,A,A17,C,Ambient,150,2.0,524
SKU-10772,Dairy,3.39,Frozen,False,E17-D-16,False,E17-D-16,E,E17,D,Ambient,150,2.0,558
SKU-10773,Snacks,5.18,Refrigerated,False,E20-F-19,False,E20-F-19,E,E20,F,Ambient,25,2.0,521
SKU-10774,Dairy,2.49,Refrigerated,True,A25-F-11,False,A25-F-11,A,A25,F,Ambient,25,2.0,518
SKU-10775,Beverages,0.86,Ambient,False,C08-E-08,False,C08-E-08,C,C08,E,Refrigerated,25,2.0,560
SKU-10777,Groceries,4.7,Ambient,False,C01-D-15,False,C01-D-15,C,C01,D,Refrigerated,150,2.0,552
SKU-10778,Beverages,4.57,Refrigerated,False,A21-F-08,False,A21-F-08,A,A21,F,Ambient,25,2.0,559
SKU-10780,Frozen,11.26,Ambient,False,D20-C-10,False,D20-C-10,D,D20,C,Frozen,150,2.0,560
SKU-10781,Dairy,6.12,Ambient,False,D07-E-03,False,D07-E-03,D,D07,E,Frozen,25,2.0,551
SKU-10782,Groceries,2.52,Refrigerated,False,E19-E-11,False,E19-E-11,E,E19,E,Ambient,25,2.0,548
SKU-10783,Health,6.95,Refrigerated,False,B17-E-11,False,B17-E-11,B,B17,E,Ambient,25,1.2,557
SKU-10784,Health,6.53,Ambient,False,C05-D-02,False,C05-D-02,C,C05,D,Refrigerated,150,2.0,526
SKU-10785,Health,11.55,Ambient,False,C18-A-01,False,C18-A-01,C,C18,A,Refrigerated,150,2.0,559
SKU-10787,Groceries,6.45,Frozen,False,A14-B-01,False,A14-B-01,A,A14,B,Ambient,150,2.0,568
SKU-10789,Beverages,10.5,Frozen,False,C20-B-03,False,C20-B-03,C,C20,B,Refrigerated,150,2.0,542
SKU-10790,Dairy,3.53,Refrigerated,False,B06-B-09,False,B06-B-09,B,B06,B,Ambient,150,1.2,545
SKU-10792,Dairy,9.37,Frozen,False,B14-E-13,False,B14-E-13,B,B14,E,Ambient,25,1.2,535
SKU-10793,Beverages,3.83,Refrigerated,False,D16-F-07,False,D16-F-07,D,D16,F,Frozen,25,2.0,594
SKU-10794,Beverages,7.54,Frozen,False,C15-B-15,False,C15-B-15,C,C15,B,Refrigerated,150,2.0,546
SKU-10796,Groceries,6.79,Frozen,False,B20-B-07,False,B20-B-07,B,B20,B,Ambient,150,1.2,561
SKU-10798,Frozen,4.62,Ambient,False,C17-C-04,False,C17-C-04,C,C17,C,Refrigerated,150,2.0,546
